Tarih,Saat,Lig,MBS,Ev Sahibi,Skor,Deplasman,İY,MS1,MS0,MS2,AU2.5 Alt,AU2.5 Üst,KG Var,KG Yok,IY0.5 Alt,IY0.5 Üst,AU1.5 Alt,AU1.5 Üst,Çifte Şans 1-X,Çifte Şans 1-2,Çifte Şans X-2,IY Çifte Şans 1-X,IY Çifte Şans 1-2,IY Çifte Şans X-2,IY1,IY0,IY2,2Y1,2Y0,2Y2,Tek,Çift,IY/MS 1/1,IY/MS 1/0,IY/MS 1/2,IY/MS 0/1,IY/MS 0/0,IY/MS 0/2,IY/MS 2/1,IY/MS 2/0,IY/MS 2/2,Hafta
2025-04-07,21:45:00,İTA A,1,Bologna,-,Napoli,-,2.57,2.71,2.36,1.37,2.20,1.84,1.57,2.18,1.38,2.40,1.31,1.18,1.13,1.14,1.14,1.51,1.11,3.34,1.78,3.12,2.93,2.10,2.75,1.77,1.62,4.36,14.00,35.00,5.77,3.76,5.40,35.00,13.85,3.94,1844
2025-04-06,21:45:00,İTA A,1,AS Roma,-,Juventus,-,2.26,2.75,2.67,1.48,1.98,1.70,1.69,2.35,1.32,2.69,1.23,1.13,1.12,1.20,1.11,1.46,1.16,2.90,1.86,3.34,2.61,2.17,2.96,1.79,1.60,3.67,12.90,35.00,5.44,3.97,6.18,31.00,13.15,4.49,1844
2025-04-06,19:00:00,İTA A,1,Atalanta,-,Lazio,-,1.51,3.42,4.38,1.78,1.62,1.62,1.78,2.84,1.21,3.47,1.12,,1.05,1.53,0,1.34,1.39,2.00,2.13,4.74,1.87,2.46,4.16,1.74,1.65,2.21,14.10,35.00,4.33,5.19,9.77,23.30,15.70,7.74,1844
2025-04-06,16:00:00,İTA A,1,Empoli,-,Cagliari,-,2.25,2.74,2.68,1.45,2.02,1.72,1.66,2.31,1.34,2.62,1.25,1.13,1.12,1.21,1.11,1.47,1.16,2.91,1.84,3.38,2.61,2.16,2.98,1.79,1.61,3.67,13.05,35.00,5.39,3.92,6.16,31.50,13.40,4.53,1844
2025-04-06,16:00:00,İTA A,1,Torino,-,Hellas Verona,-,1.65,2.87,4.39,1.33,2.31,2.09,1.43,2.16,1.39,2.27,1.35,,1.09,1.43,0,1.49,1.28,2.29,1.80,5.20,2.10,2.09,4.42,1.77,1.62,2.54,15.20,35.00,4.15,3.79,8.89,32.00,16.95,8.07,1844
2025-04-06,13:30:00,İTA A,1,Lecce,1-1,Venezia,0-0,2.11,2.69,2.97,1.42,2.09,1.78,1.62,2.26,1.35,2.53,1.27,1.09,1.13,1.24,1.08,1.48,1.18,2.76,1.82,3.67,2.50,2.12,3.22,1.80,1.60,3.40,13.00,35.00,5.12,3.80,6.64,31.50,13.60,5.10,1844
2025-04-05,21:45:00,İTA A,1,AC Milan,2-2,Fiorentina,1-2,1.64,3.25,3.80,1.72,1.66,1.59,1.81,2.75,1.22,3.34,1.14,,1.06,1.43,1.05,1.36,1.33,2.16,2.06,4.28,2.00,2.40,3.76,1.75,1.64,2.46,13.50,35.00,4.51,4.93,8.57,23.75,14.75,6.63,1844
2025-04-05,19:00:00,İTA A,1,Parma,2-2,Inter,0-2,6.21,4.16,1.28,1.89,1.53,1.73,1.65,3.06,1.17,3.76,1.09,1.80,,,1.55,1.28,0,6.13,2.31,1.71,5.44,2.64,1.61,1.71,1.67,11.20,19.60,22.45,13.35,6.20,3.94,35.00,17.05,1.80,1844
2025-04-05,16:00:00,İTA A,1,Monza,1-3,Como,1-2,4.44,3.42,1.50,1.70,1.69,1.69,1.70,2.72,1.22,3.24,1.14,1.54,1.05,,1.38,1.36,0,4.87,2.08,2.02,4.26,2.42,1.87,1.73,1.65,7.89,16.30,23.75,9.68,5.07,4.22,35.00,14.60,2.22,1844
2025-04-04,21:45:00,İTA A,1,Genoa,1-0,Udinese,0-0,2.12,2.61,3.04,1.30,2.40,1.97,1.49,2.08,1.43,2.21,1.37,1.08,1.14,1.23,1.06,1.55,1.16,2.88,1.73,3.90,2.56,2.02,3.36,1.79,1.60,3.48,14.00,35.00,4.92,3.51,6.50,35.00,14.60,5.35,1844
2025-03-31,21:45:00,İTA A,1,Lazio,1-1,Torino,0-0,1.58,3.14,4.29,1.50,1.94,1.85,1.56,2.42,1.30,2.70,1.23,,1.06,1.47,0,1.42,1.32,2.16,1.94,4.92,1.99,2.25,4.24,1.74,1.65,2.40,14.75,35.00,4.19,4.40,9.02,27.50,16.35,7.74,1843
2025-03-31,19:30:00,İTA A,1,Hellas Verona,0-0,Parma,0-0,2.43,2.68,2.52,1.48,1.97,1.68,1.71,2.37,1.32,2.71,1.23,1.15,1.13,1.16,1.14,1.46,1.14,3.05,1.87,3.14,2.75,2.16,2.82,1.80,1.59,3.98,12.65,33.50,5.81,3.91,5.96,32.50,12.65,4.15,1843
2025-03-30,21:45:00,İTA A,1,Napoli,2-1,AC Milan,2-0,1.72,3.18,3.49,1.72,1.67,1.58,1.82,2.71,1.23,3.31,1.14,1.05,1.07,1.39,1.06,1.37,1.29,2.26,2.03,4.02,2.09,2.38,3.55,1.75,1.64,2.62,13.30,35.00,4.65,4.83,7.97,24.65,14.35,6.05,1843
2025-03-30,19:00:00,İTA A,1,Inter,2-1,Udinese,2-0,1.28,4.02,6.61,1.72,1.67,1.90,1.52,2.82,1.21,3.27,1.14,,,1.80,0,1.30,1.54,1.73,2.21,6.61,1.63,2.53,5.80,1.72,1.67,1.80,17.80,35.00,3.83,5.70,13.65,24.65,20.65,12.20,1843
2025-03-30,16:00:00,İTA A,1,Fiorentina,1-0,Atalanta,1-0,3.21,3.05,1.84,1.72,1.66,1.54,1.87,2.72,1.23,3.35,1.14,1.33,1.08,1.06,1.26,1.38,1.08,3.73,2.02,2.38,3.30,2.36,2.19,1.77,1.63,5.46,13.50,25.00,7.50,4.70,4.93,35.00,12.65,2.83,1843
2025-03-30,13:30:00,İTA A,1,Cagliari,3-0,Monza,0-0,1.58,3.18,4.24,1.60,1.80,1.72,1.66,2.59,1.26,3.01,1.18,,1.06,1.47,0,1.38,1.34,2.11,2.02,4.73,1.97,2.32,4.11,1.76,1.64,2.36,13.95,35.00,4.34,4.63,9.20,25.50,15.55,7.55,1843
2025-03-29,22:45:00,İTA A,1,Lecce,0-1,AS Roma,0-0,4.48,3.21,1.55,1.52,1.90,1.84,1.57,2.47,1.28,2.78,1.21,1.50,1.06,,1.35,1.40,0,5.05,1.97,2.10,4.36,2.28,1.94,1.74,1.65,8.10,16.65,27.00,9.46,4.53,4.15,35.00,14.85,2.31,1843
2025-03-29,20:00:00,İTA A,1,Juventus,1-0,Genoa,1-0,1.36,3.44,6.39,1.43,2.08,2.22,1.36,2.38,1.31,2.51,1.28,,,1.68,0,1.39,1.43,1.88,1.98,6.84,1.77,2.24,5.86,1.73,1.65,1.97,17.85,35.00,3.76,4.51,12.55,30.00,20.80,12.00,1843
2025-03-29,17:00:00,İTA A,1,Como,1-1,Empoli,0-0,1.51,3.24,4.68,1.62,1.77,1.74,1.65,2.65,1.24,3.07,1.17,,1.06,1.52,0,1.36,1.38,2.01,2.05,5.06,1.90,2.34,4.39,1.76,1.63,2.22,14.10,35.00,4.28,4.72,10.10,25.50,15.95,8.40,1843
2025-03-29,17:00:00,İTA A,1,Venezia,0-1,Bologna,0-0,4.31,3.16,1.58,1.53,1.89,1.80,1.59,2.48,1.28,2.81,1.21,1.48,1.06,,1.33,1.40,0,4.88,1.96,2.14,4.22,2.28,1.98,1.75,1.64,7.75,16.15,26.50,9.15,4.49,4.23,35.00,14.50,2.37,1843
2025-03-16,22:45:00,İTA A,1,Atalanta,0-2,Inter,0-0,2.30,2.85,2.48,1.69,1.68,1.51,1.92,2.66,1.23,3.29,1.13,1.15,1.10,1.18,1.14,1.38,1.16,2.84,1.99,3.02,2.58,2.30,2.73,1.78,1.59,3.65,12.00,29.00,5.76,4.39,6.09,28.00,12.10,3.99,1841
2025-03-16,20:00:00,İTA A,1,Fiorentina,3-0,Juventus,2-0,2.91,2.71,2.10,1.45,2.00,1.71,1.65,2.33,1.32,2.64,1.23,1.23,1.11,1.09,1.18,1.45,1.09,3.57,1.85,2.73,3.14,2.14,2.48,1.79,1.59,4.92,13.20,30.50,6.54,3.87,5.10,34.50,12.65,3.33,1841
2025-03-16,18:00:00,İTA A,1,AS Roma,1-0,Cagliari,0-0,1.31,3.86,5.89,1.70,1.67,1.84,1.56,2.77,1.21,3.22,1.14,,,1.72,0,1.30,1.49,1.79,2.16,6.07,1.67,2.49,5.33,1.70,1.66,1.86,16.80,34.50,3.83,5.47,12.20,23.85,19.25,10.65,1841
2025-03-16,17:00:00,İTA A,1,Bologna,5-0,Lazio,1-0,2.03,2.64,3.16,1.44,2.04,1.73,1.64,2.31,1.32,2.60,1.24,1.07,1.12,1.25,1.07,1.45,1.20,2.62,1.85,3.78,2.42,2.12,3.33,1.81,1.58,3.17,12.30,34.50,5.03,3.74,7.04,30.50,13.05,5.39,1841
2025-03-16,14:30:00,İTA A,1,Venezia,0-0,Napoli,0-0,6.27,3.76,1.31,1.57,1.82,2.01,1.44,2.58,1.25,2.87,1.19,1.73,,,1.47,1.33,0,6.55,2.08,1.80,5.70,2.39,1.68,1.71,1.66,11.55,20.40,26.00,12.60,5.10,3.71,34.50,17.70,1.87,1841
2025-03-15,22:45:00,İTA A,1,Torino,1-0,Empoli,0-0,1.67,2.98,3.92,1.49,1.93,1.79,1.59,2.39,1.30,2.70,1.23,,1.08,1.40,0,1.42,1.29,2.25,1.91,4.54,2.07,2.21,3.92,1.75,1.62,2.53,13.75,34.50,4.33,4.19,8.31,27.50,15.15,6.94,1841
2025-03-15,20:00:00,İTA A,1,AC Milan,2-1,Como,0-1,1.58,3.39,3.85,1.93,1.50,1.48,1.95,3.02,1.16,3.90,1.08,,,1.46,0,1.31,1.36,2.05,2.16,4.20,1.92,2.51,3.73,1.74,1.63,2.30,13.05,34.50,4.53,5.34,8.89,21.70,14.25,6.57,1841
2025-03-15,17:00:00,İTA A,1,Monza,1-1,Parma,0-0,2.68,2.86,2.14,1.65,1.72,1.54,1.86,2.60,1.24,3.16,1.15,1.22,1.09,1.12,1.18,1.40,1.11,3.24,1.96,2.70,2.90,2.28,2.47,1.78,1.60,4.40,12.55,27.50,6.38,4.34,5.40,31.50,12.20,3.38,1841
2025-03-15,17:00:00,İTA A,1,Udinese,0-1,Hellas Verona,0-0,1.56,3.12,4.40,1.48,1.95,1.86,1.54,2.40,1.30,2.67,1.23,,1.06,1.48,0,1.41,1.32,2.13,1.93,5.01,1.96,2.23,4.31,1.74,1.63,2.32,14.60,34.50,4.10,4.33,9.15,27.00,16.30,7.90,1841
2025-03-14,22:45:00,İTA A,1,Genoa,2-1,Lecce,2-0,1.85,2.65,3.72,1.35,2.23,1.90,1.51,2.18,1.37,2.35,1.31,,1.12,1.31,0,1.49,1.23,2.47,1.79,4.43,2.28,2.06,3.81,1.80,1.58,2.85,13.25,34.50,4.57,3.59,7.82,31.50,14.45,6.58,1841
2025-03-10,22:45:00,İTA A,1,Lazio,1-1,Udinese,1-1,1.59,3.13,4.17,1.62,1.75,1.67,1.70,2.62,1.24,3.08,1.16,,1.06,1.45,0,1.37,1.33,2.11,2.01,4.59,1.98,2.32,3.99,1.76,1.62,2.35,13.35,34.50,4.36,4.57,8.98,25.00,14.85,7.24,1840
2025-03-09,22:45:00,İTA A,1,Juventus,0-4,Atalanta,0-1,2.42,2.71,2.47,1.50,1.93,1.65,1.72,2.39,1.30,2.77,1.21,1.15,1.12,1.16,1.13,1.44,1.14,3.04,1.87,3.09,2.73,2.17,2.77,1.79,1.59,3.93,12.50,32.00,5.74,3.93,5.83,31.50,12.55,4.02,1840
2025-03-09,20:00:00,İTA A,1,Empoli,0-1,AS Roma,0-1,3.45,2.87,1.82,1.53,1.87,1.68,1.69,2.45,1.28,2.84,1.20,1.33,1.09,,1.25,1.42,1.05,4.03,1.92,2.38,3.52,2.22,2.20,1.78,1.60,5.94,13.80,27.50,7.62,4.16,4.68,34.50,12.75,2.78,1840
2025-03-09,17:00:00,İTA A,1,Napoli,2-1,Fiorentina,1-0,1.39,3.40,5.71,1.51,1.92,1.99,1.46,2.49,1.27,2.72,1.22,,,1.63,0,1.37,1.42,1.90,2.01,6.09,1.79,2.28,5.24,1.73,1.64,2.00,16.10,34.50,3.87,4.62,11.50,27.50,18.55,10.45,1840
2025-03-09,14:30:00,İTA A,1,Hellas Verona,1-2,Bologna,0-1,4.71,3.08,1.53,1.45,2.00,1.92,1.50,2.37,1.30,2.60,1.24,1.50,1.06,,1.34,1.41,0,5.28,1.93,2.08,4.53,2.21,1.94,1.75,1.62,8.50,16.60,28.00,9.67,4.22,4.09,34.50,14.65,2.26,1840
2025-03-08,22:45:00,İTA A,1,Inter,3-2,Monza,1-2,,7.18,16.65,2.30,1.33,2.22,1.36,3.69,1.09,4.80,,,,2.47,0,1.13,2.06,1.31,2.90,12.45,1.25,3.32,11.50,1.68,1.69,1.28,31.00,34.50,3.64,9.85,33.00,26.50,34.50,31.50,1840
2025-03-08,20:00:00,İTA A,1,Lecce,2-3,AC Milan,1-0,3.96,3.18,1.61,1.70,1.66,1.60,1.78,2.71,1.22,3.29,1.13,1.44,1.06,,1.33,1.36,0,4.39,2.05,2.12,3.84,2.37,1.98,1.75,1.62,6.87,14.55,23.85,8.81,4.76,4.44,34.50,13.15,2.38,1840
2025-03-08,17:00:00,İTA A,1,Como,1-1,Venezia,0-0,1.43,3.43,5.16,1.65,1.72,1.76,1.61,2.70,1.23,3.14,1.15,,,1.59,0,1.33,1.42,1.90,2.10,5.43,1.79,2.39,4.73,1.73,1.64,2.03,14.70,34.50,4.08,4.94,10.95,24.70,16.85,9.24,1840
2025-03-08,17:00:00,İTA A,1,Parma,2-2,Torino,0-1,2.95,2.81,2.03,1.51,1.92,1.67,1.69,2.39,1.30,2.76,1.21,1.25,1.10,1.09,1.19,1.44,1.09,3.61,1.88,2.64,3.17,2.20,2.40,1.77,1.60,5.00,13.35,28.50,6.65,4.04,5.00,34.50,12.80,3.20,1840
2025-03-07,22:45:00,İTA A,1,Cagliari,1-1,Genoa,1-0,2.21,2.58,2.87,1.36,2.21,1.83,1.56,2.16,1.37,2.37,1.30,1.09,1.14,1.20,1.09,1.51,1.16,2.90,1.77,3.60,2.61,2.06,3.15,1.80,1.58,3.57,12.95,34.50,5.19,3.55,6.32,34.00,13.35,4.88,1840
2025-03-03,22:45:00,İTA A,1,Juventus,2-0,Hellas Verona,0-0,1.17,4.56,8.41,1.72,1.65,2.07,1.42,2.86,1.19,3.29,1.13,,,1.98,0,1.26,1.63,1.60,2.28,7.99,1.51,2.62,7.08,1.69,1.68,1.60,20.85,34.50,3.58,6.19,16.65,25.00,24.70,15.65,1839
2025-03-02,22:45:00,İTA A,1,AC Milan,1-2,Lazio,0-1,1.89,3.03,3.05,1.84,1.55,1.44,2.01,2.88,1.19,3.70,1.09,1.08,1.08,1.30,1.09,1.35,1.25,2.37,2.08,3.49,2.21,2.40,3.13,1.77,1.60,2.85,11.90,32.00,5.12,4.79,7.34,23.85,12.60,5.04,1839
2025-03-02,20:00:00,İTA A,1,AS Roma,2-1,Como,0-1,1.79,2.97,3.44,1.53,1.86,1.69,1.67,2.45,1.28,2.84,1.20,,1.09,1.35,1.05,1.42,1.25,2.37,1.92,4.07,2.17,2.25,3.54,1.75,1.62,2.74,13.30,34.50,4.55,4.28,7.54,27.00,14.30,5.96,1839
2025-03-02,17:00:00,İTA A,1,Bologna,2-1,Cagliari,0-1,1.51,3.18,4.69,1.52,1.88,1.83,1.56,2.49,1.27,2.79,1.21,,1.05,1.51,0,1.38,1.36,2.04,1.98,5.18,1.91,2.27,4.47,1.74,1.63,2.22,14.50,34.50,4.11,4.45,9.80,26.50,16.35,8.41,1839
2025-03-02,17:00:00,İTA A,1,Genoa,1-1,Empoli,0-1,1.70,2.89,3.96,1.44,2.03,1.84,1.55,2.32,1.32,2.57,1.25,,1.09,1.39,0,1.44,1.27,2.28,1.87,4.61,2.11,2.16,3.96,1.77,1.61,2.58,13.65,34.50,4.35,3.99,8.31,28.50,15.10,7.04,1839
2025-03-02,14:30:00,İTA A,1,Monza,0-2,Torino,0-1,3.88,2.94,1.70,1.46,1.99,1.81,1.58,2.35,1.31,2.63,1.23,1.39,1.09,,1.27,1.44,0,4.53,1.88,2.28,3.90,2.20,2.10,1.76,1.62,6.87,15.15,28.00,8.18,4.10,4.33,34.50,13.80,2.58,1839
2025-03-01,22:45:00,İTA A,1,Udinese,1-0,Parma,1-0,1.67,3.17,3.66,1.73,1.64,1.56,1.83,2.75,1.22,3.39,1.12,,1.06,1.40,1.05,1.36,1.30,2.18,2.06,4.12,2.03,2.39,3.62,1.75,1.62,2.49,12.95,34.50,4.56,4.81,8.27,23.85,14.10,6.27,1839
2025-03-01,20:00:00,İTA A,1,Napoli,1-1,Inter,0-1,2.73,2.69,2.22,1.50,1.93,1.65,1.72,2.39,1.30,2.77,1.21,1.20,1.12,1.11,1.16,1.44,1.10,3.33,1.87,2.82,2.97,2.17,2.56,1.80,1.58,4.52,12.55,30.50,6.33,3.90,5.43,34.50,12.25,3.54,1839
2025-03-01,17:00:00,İTA A,1,Atalanta,0-0,Venezia,0-0,1.07,6.20,11.45,2.35,1.31,1.87,1.52,3.73,1.09,4.94,,,,2.28,0,1.16,1.91,1.39,2.77,9.28,1.32,3.18,8.55,1.68,1.69,1.37,24.70,34.50,3.74,9.07,23.85,22.55,29.00,21.00,1839
2025-02-28,22:45:00,İTA A,1,Fiorentina,1-0,Lecce,1-0,1.66,2.93,4.07,1.41,2.09,1.91,1.51,2.27,1.34,2.48,1.28,,1.09,1.41,0,1.44,1.28,2.28,1.86,4.79,2.08,2.15,4.10,1.75,1.62,2.53,14.30,34.50,4.21,3.99,8.41,29.00,15.85,7.30,1839
2025-02-27,22:45:00,İTA A,1,Bologna,2-1,AC Milan,0-1,2.49,2.84,2.29,1.60,1.77,1.57,1.82,2.54,1.26,3.05,1.16,1.18,1.10,1.15,1.16,1.41,1.13,3.09,1.93,2.88,2.77,2.26,2.60,1.77,1.60,4.07,12.55,29.00,5.99,4.26,5.61,30.50,12.40,3.67,1839
2025-02-24,22:45:00,İTA A,1,AS Roma,4-0,Monza,2-0,1.12,5.21,9.93,1.91,1.51,2.05,1.43,3.14,1.15,3.77,1.09,,,2.12,0,1.22,1.74,1.50,2.46,8.84,1.42,2.82,7.92,1.68,1.68,1.48,23.00,34.50,3.59,7.18,19.80,24.30,27.00,18.50,1838
2025-02-23,22:45:00,İTA A,1,Cagliari,0-1,Juventus,0-1,3.92,3.03,1.65,1.53,1.87,1.74,1.63,2.46,1.28,2.82,1.20,1.41,1.08,,1.30,1.40,0,4.52,1.93,2.22,3.90,2.25,2.05,1.75,1.62,6.92,15.00,26.50,8.41,4.32,4.35,34.50,13.60,2.49,1838
2025-02-23,20:00:00,İTA A,1,Empoli,0-5,Atalanta,0-3,5.47,4.04,1.32,1.93,1.49,1.64,1.73,3.09,1.16,3.86,1.08,1.72,,,1.51,1.27,0,5.55,2.28,1.76,4.94,2.63,1.65,1.70,1.67,9.67,18.15,21.30,11.90,6.11,3.98,34.50,16.05,1.85,1838
2025-02-23,17:00:00,İTA A,1,Hellas Verona,1-0,Fiorentina,0-0,3.33,2.94,1.82,1.51,1.91,1.72,1.65,2.40,1.30,2.75,1.22,1.32,1.09,1.05,1.23,1.43,1.06,4.01,1.89,2.44,3.48,2.22,2.21,1.75,1.62,5.78,14.30,27.50,7.29,4.20,4.59,34.50,13.40,2.83,1838
2025-02-23,14:30:00,İTA A,1,Como,2-1,Napoli,1-1,3.05,2.71,2.03,1.45,2.00,1.72,1.65,2.32,1.32,2.63,1.24,1.25,1.11,1.08,1.19,1.45,1.08,3.72,1.85,2.65,3.26,2.14,2.42,1.79,1.59,5.21,13.35,30.00,6.79,3.85,4.97,34.50,12.70,3.19,1838
2025-02-22,22:45:00,İTA A,1,Inter,1-0,Genoa,0-0,1.15,4.87,9.10,1.81,1.57,2.05,1.43,3.01,1.16,3.53,1.10,,,2.05,0,1.23,1.69,1.54,2.38,8.36,1.46,2.72,7.45,1.69,1.68,1.54,21.65,34.50,3.60,6.68,18.15,24.70,25.50,16.95,1838
2025-02-22,20:00:00,İTA A,1,Torino,2-1,AC Milan,1-0,3.49,3.15,1.72,1.68,1.68,1.58,1.79,2.67,1.23,3.24,1.14,1.38,1.07,,1.29,1.37,1.05,4.03,2.01,2.26,3.54,2.35,2.07,1.74,1.63,5.99,14.20,24.30,7.86,4.72,4.55,34.50,13.20,2.59,1838
2025-02-22,17:00:00,İTA A,1,Parma,2-0,Bologna,1-0,4.09,3.26,1.57,1.67,1.70,1.65,1.72,2.68,1.23,3.19,1.15,1.47,1.05,,1.34,1.36,0,4.55,2.04,2.09,3.98,2.37,1.94,1.73,1.64,7.15,15.20,23.85,8.94,4.81,4.30,34.50,13.75,2.32,1838
2025-02-22,17:00:00,İTA A,1,Venezia,0-0,Lazio,0-0,4.93,3.59,1.42,1.71,1.66,1.72,1.65,2.76,1.21,3.26,1.14,1.60,,,1.42,1.33,0,5.26,2.11,1.91,4.61,2.44,1.78,1.72,1.65,8.76,17.15,23.40,10.50,5.21,4.02,34.50,15.20,2.04,1838
2025-02-21,22:45:00,İTA A,1,Lecce,0-1,Udinese,0-1,2.63,2.65,2.32,1.43,2.05,1.72,1.65,2.28,1.33,2.57,1.25,1.18,1.12,1.12,1.15,1.47,1.11,3.30,1.82,2.98,2.93,2.12,2.67,1.79,1.58,4.37,12.90,32.50,6.02,3.76,5.47,34.50,12.65,3.76,1838
2025-02-17,22:45:00,İTA A,1,Genoa,2-0,Venezia,0-0,1.61,2.98,4.31,1.42,2.07,1.93,1.50,2.29,1.33,2.50,1.27,,1.08,1.44,0,1.44,1.30,2.20,1.87,5.00,2.03,2.16,4.28,1.75,1.62,2.42,14.55,34.50,4.14,4.05,8.85,28.50,16.20,7.77,1837
2025-02-16,22:45:00,İTA A,1,Juventus,1-0,Inter,0-0,3.36,2.89,1.84,1.55,1.84,1.65,1.72,2.48,1.28,2.90,1.18,1.32,1.09,1.05,1.24,1.41,1.06,3.94,1.93,2.41,3.45,2.24,2.21,1.77,1.60,5.76,13.65,27.00,7.49,4.21,4.74,34.50,12.70,2.82,1837
2025-02-16,20:00:00,İTA A,1,Parma,0-1,AS Roma,0-1,3.20,2.98,1.86,1.79,1.59,1.48,1.96,2.82,1.20,3.56,1.10,1.31,1.09,1.06,1.26,1.36,1.08,3.64,2.06,2.34,3.24,2.37,2.19,1.78,1.59,5.34,12.65,24.30,7.59,4.65,5.03,34.00,11.85,2.78,1837
2025-02-16,17:00:00,İTA A,1,Monza,0-0,Lecce,0-0,2.49,2.68,2.42,1.39,2.13,1.79,1.59,2.21,1.36,2.46,1.28,1.16,1.12,1.15,1.12,1.49,1.12,3.21,1.79,3.14,2.84,2.10,2.77,1.78,1.60,4.14,13.35,34.50,5.65,3.72,5.53,34.50,13.30,4.00,1837
2025-02-16,17:00:00,İTA A,1,Udinese,3-0,Empoli,1-0,1.68,3.01,3.82,1.51,1.89,1.74,1.63,2.43,1.29,2.79,1.21,,1.08,1.40,0,1.41,1.29,2.26,1.93,4.44,2.07,2.24,3.84,1.75,1.62,2.55,13.60,34.50,4.36,4.28,8.20,26.50,14.90,6.73,1837
2025-02-16,14:30:00,İTA A,1,Fiorentina,0-2,Como,0-1,2.11,2.79,2.80,1.54,1.86,1.62,1.75,2.45,1.28,2.88,1.19,1.10,1.10,1.23,1.09,1.43,1.18,2.70,1.90,3.41,2.46,2.21,3.03,1.78,1.60,3.34,12.45,34.50,5.22,4.10,6.47,28.50,12.90,4.68,1837
2025-02-15,22:45:00,İTA A,1,AC Milan,1-0,Hellas Verona,0-0,1.19,4.75,7.30,2.07,1.42,1.72,1.65,3.33,1.13,4.23,1.05,,,1.94,0,1.23,1.65,1.58,2.45,6.79,1.50,2.82,6.13,1.69,1.68,1.60,18.75,34.50,3.82,7.10,15.55,21.20,21.60,13.10,1837
2025-02-15,20:00:00,İTA A,1,Lazio,2-2,Napoli,1-1,2.19,2.69,2.78,1.44,2.01,1.71,1.65,2.31,1.32,2.62,1.24,1.10,1.12,1.21,1.09,1.46,1.16,2.83,1.84,3.45,2.56,2.14,3.05,1.79,1.59,3.50,12.60,34.50,5.26,3.82,6.32,31.00,13.00,4.68,1837
2025-02-15,17:00:00,İTA A,1,Atalanta,0-0,Cagliari,0-0,1.35,3.90,5.22,1.86,1.53,1.65,1.72,2.98,1.17,3.68,1.09,,,1.68,0,1.29,1.47,1.81,2.22,5.40,1.69,2.57,4.80,1.70,1.66,1.91,15.75,34.50,3.99,5.83,11.30,21.70,17.75,9.24,1837
2025-02-14,22:45:00,İTA A,1,Bologna,3-2,Torino,1-1,1.56,2.99,4.73,1.37,2.16,2.04,1.44,2.25,1.35,2.40,1.30,,1.07,1.48,0,1.44,1.31,2.14,1.86,5.43,1.99,2.14,4.63,1.75,1.62,2.32,15.15,34.50,4.03,3.98,9.54,30.00,17.10,8.64,1837
2025-02-10,22:45:00,İTA A,1,Inter,2-1,Fiorentina,1-1,1.30,4.09,5.72,1.86,1.54,1.71,1.65,2.99,1.17,3.65,1.09,,,1.75,0,1.28,1.51,1.75,2.25,5.81,1.64,2.60,5.16,1.69,1.67,1.83,16.70,34.50,3.89,6.02,12.25,22.10,18.95,10.25,1836
2025-02-09,22:45:00,İTA A,1,Napoli,1-1,Udinese,1-1,1.29,3.93,6.47,1.64,1.73,1.95,1.48,2.70,1.23,3.07,1.16,,,1.78,0,1.31,1.51,1.75,2.14,6.60,1.65,2.47,5.78,1.70,1.66,1.80,17.80,34.50,3.72,5.42,13.10,24.70,20.55,11.90,1836
2025-02-09,20:00:00,İTA A,1,Lecce,0-0,Bologna,0-0,3.96,2.91,1.69,1.43,2.06,1.86,1.53,2.29,1.33,2.53,1.26,1.39,1.09,,1.27,1.44,0,4.65,1.86,2.29,3.99,2.16,2.11,1.76,1.61,7.06,15.35,28.50,8.26,3.99,4.29,34.50,13.90,2.58,1836
2025-02-09,17:00:00,İTA A,1,Cagliari,2-1,Parma,0-0,1.70,3.21,3.48,1.86,1.54,1.48,1.95,2.91,1.18,3.72,1.09,,1.06,1.39,1.06,1.33,1.30,2.19,2.11,3.91,2.04,2.44,3.47,1.75,1.62,2.52,12.60,34.50,4.70,5.03,8.13,22.55,13.60,5.90,1836
2025-02-09,17:00:00,İTA A,1,Lazio,5-1,Monza,1-0,1.14,5.13,8.69,2.06,1.43,1.84,1.55,3.33,1.13,4.17,1.05,,,2.07,0,1.21,1.72,1.51,2.50,7.78,1.44,2.87,7.04,1.68,1.68,1.52,20.85,34.50,3.72,7.43,18.05,22.10,24.30,15.85,1836
2025-02-09,14:30:00,İTA A,1,Venezia,0-1,AS Roma,0-0,3.87,3.27,1.60,1.80,1.58,1.53,1.86,2.85,1.19,3.58,1.10,1.44,1.05,,1.34,1.33,0,4.26,2.10,2.09,3.75,2.44,1.95,1.74,1.63,6.65,14.35,23.00,8.76,5.03,4.49,34.50,13.05,2.35,1836
2025-02-08,22:45:00,İTA A,1,Torino,1-1,Genoa,1-0,2.10,2.53,3.15,1.28,2.47,2.00,1.45,2.03,1.44,2.14,1.38,1.07,1.14,1.23,1.06,1.55,1.16,2.84,1.71,3.99,2.55,1.99,3.44,1.80,1.58,3.39,13.65,34.50,4.85,3.35,6.61,34.50,14.35,5.49,1836
2025-02-08,20:00:00,İTA A,1,Empoli,0-2,AC Milan,0-0,4.42,3.45,1.49,1.88,1.52,1.54,1.86,3.00,1.17,3.79,1.09,1.53,,,1.40,1.30,0,4.66,2.19,1.93,4.10,2.50,1.83,1.74,1.63,7.65,15.00,22.10,9.98,5.34,4.37,34.50,13.40,2.13,1836
2025-02-08,17:00:00,İTA A,1,Hellas Verona,0-5,Atalanta,0-4,5.84,4.09,1.30,1.86,1.54,1.72,1.65,2.99,1.17,3.65,1.09,1.76,,,1.51,1.28,0,5.89,2.25,1.74,5.22,2.60,1.63,1.70,1.67,10.40,19.05,22.10,12.40,6.01,3.89,34.50,16.70,1.81,1836
2025-02-07,22:45:00,İTA A,1,Como,1-2,Juventus,1-1,3.34,2.96,1.81,1.58,1.79,1.63,1.74,2.53,1.26,2.98,1.17,1.33,1.09,1.05,1.25,1.40,1.06,3.92,1.95,2.38,3.44,2.28,2.19,1.76,1.61,0,0,0,0,0,0,0,0,0,1836
2025-02-03,22:45:00,İTA A,1,Cagliari,1-2,Lazio,0-1,3.61,3.16,1.68,1.76,1.62,1.54,1.86,2.78,1.21,3.45,1.11,1.40,1.06,,1.30,1.35,1.05,4.05,2.07,2.19,3.58,2.40,2.04,1.75,1.62,6.16,13.90,23.40,8.22,4.83,4.61,34.50,12.80,2.51,1835
2025-02-02,22:45:00,İTA A,1,AS Roma,1-1,Napoli,0-1,3.03,2.88,1.96,1.52,1.88,1.66,1.70,2.42,1.29,2.82,1.20,1.28,1.09,1.08,1.21,1.43,1.08,3.68,1.89,2.57,3.23,2.22,2.34,1.76,1.61,5.15,13.60,28.00,6.79,4.16,4.87,34.50,12.95,3.07,1835
2025-02-02,20:00:00,İTA A,1,AC Milan,1-1,Inter,1-0,3.70,3.18,1.65,1.77,1.60,1.53,1.86,2.80,1.20,3.49,1.11,1.41,1.06,,1.31,1.35,1.05,4.13,2.07,2.15,3.64,2.41,2.01,1.75,1.62,6.35,13.95,23.40,8.44,4.87,4.58,34.50,12.80,2.46,1835
2025-02-02,17:00:00,İTA A,1,Fiorentina,2-1,Genoa,2-0,1.62,3.21,3.83,1.66,1.71,1.64,1.73,2.64,1.23,3.17,1.15,,1.06,1.44,0,1.37,1.31,2.16,2.02,4.36,2.00,2.35,3.81,1.73,1.64,2.43,13.60,34.50,4.37,4.75,8.44,24.30,14.90,6.69,1835
2025-02-02,14:30:00,İTA A,1,Juventus,4-1,Empoli,0-1,1.23,4.31,6.82,1.84,1.56,1.82,1.57,2.99,1.17,3.59,1.10,,,1.86,0,1.26,1.58,1.66,2.29,6.64,1.57,2.63,5.90,1.69,1.67,1.70,18.10,34.50,3.77,6.19,14.15,23.00,20.90,12.35,1835
2025-02-01,22:45:00,İTA A,1,Bologna,2-0,Como,1-0,1.73,3.05,3.53,1.59,1.79,1.65,1.72,2.54,1.26,2.98,1.17,,1.08,1.37,1.05,1.39,1.28,2.28,1.96,4.15,2.10,2.29,3.62,1.75,1.62,2.62,13.25,34.50,4.51,4.45,7.86,25.50,14.35,6.19,1835
2025-02-01,20:00:00,İTA A,1,Atalanta,1-1,Torino,1-1,1.37,3.68,5.43,1.70,1.67,1.77,1.60,2.77,1.21,3.25,1.14,,,1.66,0,1.31,1.45,1.84,2.14,5.67,1.72,2.45,4.96,1.72,1.65,1.94,15.70,34.50,3.95,5.29,11.45,23.85,17.90,9.76,1835
2025-02-01,17:00:00,İTA A,1,Monza,0-1,Hellas Verona,0-1,2.16,2.69,2.84,1.48,1.95,1.67,1.70,2.36,1.30,2.71,1.22,1.09,1.12,1.22,1.09,1.44,1.17,2.76,1.86,3.46,2.51,2.15,3.06,1.79,1.58,3.42,12.30,34.50,5.28,3.87,6.50,30.50,12.75,4.75,1835
2025-02-01,17:00:00,İTA A,1,Udinese,3-2,Venezia,0-0,1.55,3.22,4.27,1.68,1.69,1.65,1.72,2.70,1.22,3.24,1.14,,1.05,1.48,0,1.35,1.36,2.05,2.07,4.66,1.93,2.36,4.07,1.75,1.62,2.26,13.45,34.50,4.34,4.77,9.37,24.30,15.00,7.49,1835
2025-01-31,22:45:00,İTA A,1,Parma,1-3,Lecce,1-1,2.20,2.82,2.64,1.61,1.76,1.56,1.84,2.56,1.25,3.09,1.16,1.12,1.10,1.21,1.12,1.41,1.17,2.76,1.94,3.21,2.51,2.26,2.88,1.78,1.59,3.47,12.15,31.50,5.47,4.24,6.30,28.00,12.45,4.34,1835
2025-01-27,22:45:00,İTA A,1,Genoa,2-0,Monza,0-0,2.04,2.66,3.11,1.36,2.21,1.86,1.54,2.17,1.37,2.37,1.30,1.07,1.12,1.25,1.06,1.50,1.18,2.72,1.78,3.87,2.45,2.07,3.35,1.79,1.59,3.25,13.30,34.50,4.84,3.63,6.69,32.00,14.00,5.37,1834
2025-01-27,20:30:00,İTA A,1,Venezia,1-1,Hellas Verona,1-0,2.00,2.94,2.87,1.75,1.63,1.48,1.95,2.76,1.21,3.46,1.11,1.09,1.09,1.26,1.10,1.37,1.23,2.51,2.02,3.37,2.32,2.35,3.02,1.78,1.60,3.08,11.90,31.50,5.26,4.56,6.90,25.00,12.45,4.73,1834
2025-01-26,22:45:00,İTA A,1,Lazio,1-2,Fiorentina,0-2,1.83,3.05,3.17,1.75,1.62,1.51,1.91,2.77,1.21,3.46,1.11,1.06,1.08,1.32,1.08,1.37,1.26,2.35,2.04,3.67,2.18,2.37,3.26,1.76,1.61,2.78,12.35,34.50,4.90,4.72,7.43,24.30,13.15,5.33,1834
2025-01-26,20:00:00,İTA A,1,Lecce,0-4,Inter,0-2,7.57,4.60,1.19,1.88,1.52,1.87,1.53,3.07,1.16,3.71,1.09,1.95,,,1.64,1.24,0,7.23,2.36,1.59,6.47,2.71,1.51,1.69,1.68,13.95,22.55,23.00,15.75,6.61,3.70,34.50,19.50,1.61,1834
2025-01-26,17:00:00,İTA A,1,Udinese,1-2,AS Roma,1-0,2.67,2.86,2.16,1.54,1.86,1.63,1.74,2.44,1.29,2.86,1.19,1.22,1.09,1.12,1.17,1.43,1.11,3.32,1.90,2.78,2.93,2.23,2.50,1.76,1.61,4.44,13.20,29.00,6.16,4.18,5.24,33.00,12.85,3.45,1834
2025-01-26,14:30:00,İTA A,1,AC Milan,3-2,Parma,1-1,1.13,5.66,8.05,2.79,1.21,1.51,1.90,4.19,1.05,6.08,,,,2.10,0,1.16,1.80,1.46,2.80,6.86,1.39,3.21,6.40,1.68,1.68,1.47,19.75,34.50,4.02,9.24,18.35,18.65,22.55,14.00,1834
2025-01-25,22:45:00,İTA A,1,Empoli,1-1,Bologna,1-1,3.51,2.82,1.82,1.39,2.14,1.86,1.53,2.22,1.36,2.44,1.29,1.33,1.09,,1.23,1.47,0,4.27,1.81,2.48,3.68,2.13,2.24,1.76,1.62,6.19,14.95,30.00,7.38,3.86,4.45,34.50,13.90,2.85,1834
2025-01-25,20:00:00,İTA A,1,Napoli,2-1,Juventus,0-1,2.23,2.55,2.88,1.37,2.20,1.80,1.58,2.19,1.37,2.41,1.30,1.09,1.14,1.20,1.09,1.50,1.16,2.89,1.79,3.57,2.62,2.05,3.14,1.81,1.57,3.58,12.60,34.50,5.27,3.52,6.40,33.50,13.00,4.86,1834
2025-01-25,17:00:00,İTA A,1,Como,1-2,Atalanta,1-0,3.55,3.20,1.68,1.81,1.58,1.51,1.91,2.85,1.19,3.60,1.10,1.40,1.06,,1.31,1.34,1.06,3.99,2.09,2.18,3.53,2.42,2.03,1.75,1.62,6.05,13.80,23.00,8.20,4.96,4.65,34.50,12.70,2.50,1834
2025-01-24,22:45:00,İTA A,1,Torino,2-0,Cagliari,1-0,2.00,2.72,3.12,1.44,2.04,1.75,1.62,2.29,1.33,2.58,1.25,1.07,1.11,1.26,1.07,1.46,1.20,2.63,1.84,3.80,2.39,2.14,3.32,1.79,1.59,3.14,12.85,34.50,4.89,3.83,6.87,30.00,13.60,5.34,1834
2025-01-20,22:45:00,İTA A,1,Como,4-1,Udinese,2-0,1.87,2.93,3.19,1.58,1.80,1.63,1.74,2.51,1.27,2.96,1.17,1.06,1.09,1.30,1.07,1.41,1.23,2.45,1.93,3.80,2.24,2.26,3.33,1.76,1.61,2.89,12.80,34.50,4.79,4.30,7.19,26.50,13.60,5.45,1833
2025-01-19,22:45:00,İTA A,1,Inter,3-1,Empoli,0-0,1.15,4.98,8.75,1.96,1.48,1.91,1.51,3.19,1.14,3.91,1.07,,,2.05,0,1.22,1.71,1.53,2.45,7.92,1.44,2.80,7.11,1.69,1.68,1.54,20.80,34.50,3.69,7.08,17.90,23.00,24.30,16.10,1833
2025-01-19,20:00:00,İTA A,1,Hellas Verona,0-3,Lazio,0-2,4.38,3.22,1.54,1.63,1.75,1.70,1.66,2.63,1.23,3.07,1.16,1.49,1.05,,1.36,1.37,0,4.81,2.03,2.05,4.18,2.34,1.92,1.74,1.63,7.72,15.50,24.70,9.41,4.68,4.25,34.50,13.85,2.26,1833
2025-01-19,17:00:00,İTA A,1,Cagliari,4-1,Lecce,0-1,1.68,3.05,3.76,1.60,1.77,1.65,1.72,2.56,1.25,3.04,1.16,,1.07,1.40,0,1.38,1.30,2.22,1.98,4.30,2.06,2.30,3.75,1.76,1.62,2.52,13.15,34.50,4.48,4.47,8.28,25.00,14.40,6.56,1833
2025-01-19,17:00:00,İTA A,1,Parma,1-1,Venezia,0-1,1.93,3.05,2.93,1.78,1.59,1.48,1.95,2.79,1.21,3.53,1.10,1.09,1.08,1.29,1.09,1.37,1.23,2.45,2.04,3.44,2.26,2.38,3.07,1.75,1.62,2.95,12.30,32.00,5.08,4.76,6.98,24.30,12.95,4.86,1833
2025-01-19,14:30:00,İTA A,1,Fiorentina,1-1,Torino,1-0,1.56,3.12,4.45,1.53,1.86,1.79,1.59,2.50,1.27,2.84,1.20,,1.06,1.48,0,1.38,1.34,2.08,1.98,4.95,1.95,2.27,4.28,1.75,1.62,2.29,14.00,34.50,4.21,4.42,9.41,26.00,15.75,7.94,1833
2025-01-18,22:45:00,İTA A,1,Atalanta,2-3,Napoli,1-2,2.00,2.81,3.02,1.49,1.94,1.70,1.67,2.36,1.30,2.71,1.22,1.08,1.10,1.26,1.08,1.44,1.20,2.62,1.86,3.68,2.37,2.19,3.23,1.77,1.61,3.15,12.95,34.50,4.91,4.03,6.73,28.50,13.60,5.14,1833
2025-01-18,20:00:00,İTA A,1,Juventus,2-0,AC Milan,0-0,2.09,2.75,2.90,1.46,1.98,1.71,1.66,2.34,1.31,2.67,1.23,1.09,1.11,1.23,1.09,1.45,1.18,2.72,1.86,3.56,2.46,2.16,3.13,1.78,1.60,3.31,12.75,34.50,5.07,3.92,6.51,30.00,13.25,4.89,1833
2025-01-18,17:00:00,İTA A,1,Bologna,3-1,Monza,2-1,1.39,3.45,5.58,1.53,1.86,1.93,1.49,2.53,1.26,2.81,1.20,,,1.63,0,1.36,1.42,1.89,2.03,5.95,1.78,2.32,5.15,1.72,1.65,2.00,16.00,34.50,3.88,4.73,11.35,26.50,18.40,10.20,1833
2025-01-17,22:45:00,İTA A,1,AS Roma,3-1,Genoa,1-1,1.30,3.89,6.13,1.66,1.71,1.90,1.51,2.72,1.22,3.12,1.16,,,1.75,0,1.31,1.49,1.78,2.14,6.31,1.65,2.47,5.54,1.70,1.67,1.84,17.35,34.50,3.76,5.45,12.55,24.30,19.95,11.20,1833
2025-01-15,22:45:00,İTA A,1,Inter,2-2,Bologna,2-1,1.35,3.72,5.57,1.72,1.65,1.77,1.60,2.80,1.20,3.29,1.13,,,1.68,0,1.31,1.47,1.81,2.15,5.76,1.71,2.47,5.04,1.72,1.65,1.91,15.80,34.50,3.94,5.36,11.70,23.40,18.10,10.00,1833
2025-01-14,22:45:00,İTA A,1,Atalanta,1-1,Juventus,0-0,1.88,2.80,3.33,1.43,2.06,1.79,1.58,2.24,1.35,2.55,1.26,1.05,1.10,1.30,1.05,1.47,1.21,2.56,1.82,4.04,2.25,2.16,3.54,1.76,1.61,2.98,13.75,34.50,4.49,3.91,7.16,30.50,14.30,5.76,1833
2025-01-14,20:30:00,İTA A,1,Como,1-2,AC Milan,0-0,3.89,3.19,1.62,1.71,1.66,1.59,1.79,2.66,1.23,3.33,1.13,1.44,1.06,,1.31,1.37,0,4.29,2.02,2.17,3.87,2.41,1.94,1.74,1.63,6.60,14.35,24.70,8.72,4.79,4.29,34.50,13.65,2.43,1833
2025-01-13,22:45:00,İTA A,1,Monza,2-1,Fiorentina,1-0,3.68,3.09,1.68,1.59,1.79,1.66,1.70,2.49,1.27,3.00,1.17,1.40,1.07,,1.28,1.40,0,4.24,1.94,2.28,3.77,2.33,2.02,1.74,1.63,6.33,14.55,26.00,8.11,4.51,4.29,34.50,13.90,2.58,1832
2025-01-12,22:45:00,İTA A,1,Napoli,2-0,Hellas Verona,1-0,1.16,4.64,8.69,1.79,1.58,2.02,1.44,2.82,1.20,3.50,1.11,,,2.00,0,1.27,1.61,1.62,2.25,7.86,1.44,2.78,7.55,1.69,1.68,1.62,22.10,34.50,3.37,6.46,17.85,25.50,23.40,15.45,1832
2025-01-12,20:00:00,İTA A,1,Bologna,2-2,AS Roma,0-0,2.41,2.79,2.42,1.53,1.86,1.62,1.75,2.40,1.30,2.86,1.19,1.16,1.10,1.16,1.14,1.44,1.14,3.05,1.87,3.06,2.70,2.22,2.71,1.77,1.61,3.91,12.90,32.00,5.64,4.09,5.66,32.00,12.90,3.94,1832
2025-01-12,17:00:00,İTA A,1,Venezia,0-1,Inter,0-1,7.76,4.64,1.18,1.97,1.47,1.80,1.58,3.03,1.16,3.97,1.07,1.96,,,1.61,1.25,0,7.01,2.32,1.63,6.78,2.86,1.44,1.69,1.67,13.45,21.20,23.40,16.65,6.80,3.51,34.50,20.45,1.64,1832
2025-01-12,14:30:00,İTA A,1,Genoa,1-0,Parma,0-0,1.75,3.02,3.49,1.65,1.72,1.59,1.79,2.57,1.25,3.18,1.15,,1.08,1.37,1.06,1.39,1.27,2.32,1.97,3.98,2.08,2.34,3.56,1.76,1.62,2.67,13.10,34.50,4.52,4.51,7.88,26.00,13.70,5.90,1832
2025-01-11,22:45:00,İTA A,1,AC Milan,1-1,Cagliari,0-0,1.19,4.79,7.23,2.20,1.37,1.65,1.72,3.30,1.13,4.59,,,,1.96,0,1.23,1.62,1.61,2.42,6.48,1.44,2.98,6.35,1.69,1.68,1.63,19.80,34.50,3.63,7.39,16.20,21.50,20.15,12.25,1832
2025-01-11,20:00:00,İTA A,1,Torino,1-1,Juventus,1-1,3.94,2.65,1.79,1.24,2.59,2.18,1.37,1.96,1.48,2.05,1.43,1.34,1.11,,1.21,1.57,0,4.87,1.68,2.56,4.19,2.00,2.23,1.77,1.61,7.10,16.40,34.50,7.82,3.40,4.09,34.50,15.55,2.87,1832
2025-01-11,17:00:00,İTA A,1,Empoli,1-3,Lecce,0-2,1.80,2.72,3.75,1.36,2.21,1.91,1.51,2.15,1.38,2.38,1.30,,1.11,1.34,0,1.49,1.23,2.48,1.79,4.45,2.20,2.10,3.89,1.78,1.60,2.83,14.00,34.50,4.33,3.70,7.82,31.50,14.80,6.57,1832
2025-01-11,17:00:00,İTA A,1,Udinese,0-0,Atalanta,0-0,5.08,3.47,1.43,1.67,1.69,1.73,1.64,2.64,1.23,3.21,1.14,1.60,,,1.39,1.35,0,5.36,2.07,1.93,4.86,2.45,1.74,1.73,1.64,9.07,16.40,25.00,11.15,4.99,3.88,34.50,15.30,2.06,1832
2025-01-10,22:45:00,İTA A,1,Lazio,1-1,Como,1-0,1.80,3.02,3.29,1.61,1.76,1.62,1.76,2.50,1.27,3.05,1.16,1.05,1.08,1.34,1.07,1.41,1.24,2.42,1.93,3.87,2.14,2.32,3.44,1.74,1.63,2.80,13.45,34.50,4.53,4.47,7.37,26.50,13.90,5.57,1832
2025-01-05,22:45:00,İTA A,1,AS Roma,2-0,Lazio,2-0,2.21,2.70,2.76,1.54,1.86,1.60,1.77,2.42,1.30,2.90,1.18,1.11,1.11,1.21,1.10,1.44,1.17,2.79,1.89,3.33,2.51,2.21,2.98,1.80,1.58,3.50,12.20,34.50,5.35,3.97,6.40,30.50,12.40,4.53,1831
2025-01-05,20:00:00,İTA A,1,Torino,0-0,Parma,0-0,1.56,3.21,4.28,1.67,1.69,1.65,1.72,2.63,1.23,3.24,1.14,,1.05,1.49,0,1.37,1.34,2.09,2.02,4.63,1.88,2.40,4.17,1.74,1.63,2.31,14.00,34.50,4.16,4.76,9.46,25.00,14.90,7.36,1831
2025-01-05,17:00:00,İTA A,1,Lecce,0-0,Genoa,0-0,2.55,2.63,2.41,1.36,2.21,1.83,1.56,2.13,1.39,2.37,1.30,1.16,1.13,1.14,1.12,1.51,1.10,3.32,1.75,3.16,2.89,2.08,2.77,1.78,1.60,4.27,13.60,34.50,5.64,3.62,5.38,34.50,13.60,3.99,1831
2025-01-05,14:30:00,İTA A,1,Monza,1-2,Cagliari,1-1,2.17,2.79,2.70,1.53,1.87,1.63,1.74,2.39,1.30,2.85,1.19,1.11,1.10,1.22,1.10,1.44,1.16,2.81,1.87,3.34,2.49,2.22,2.96,1.77,1.60,3.48,12.80,34.50,5.20,4.09,6.21,30.50,13.00,4.48,1831
2025-01-04,22:45:00,İTA A,1,Hellas Verona,0-0,Udinese,0-0,2.77,2.62,2.24,1.50,1.93,1.65,1.72,2.35,1.31,2.78,1.21,1.22,1.12,1.09,1.17,1.44,1.09,3.48,1.86,2.75,2.99,2.16,2.56,1.80,1.58,4.81,12.60,31.00,6.59,3.86,5.20,34.50,12.30,3.39,1831
2025-01-04,20:00:00,İTA A,1,Fiorentina,0-3,Napoli,0-1,2.89,2.69,2.13,1.44,2.03,1.72,1.64,2.26,1.34,2.60,1.24,1.23,1.12,1.09,1.16,1.47,1.09,3.57,1.81,2.80,3.14,2.14,2.48,1.79,1.59,4.87,13.25,31.50,6.42,3.81,5.02,34.50,12.95,3.42,1831
2025-01-04,17:00:00,İTA A,1,Venezia,1-1,Empoli,1-1,2.30,2.68,2.63,1.44,2.01,1.71,1.66,2.27,1.34,2.63,1.24,1.13,1.12,1.18,1.11,1.47,1.15,2.98,1.82,3.30,2.63,2.15,2.91,1.79,1.59,3.74,12.90,34.50,5.36,3.82,5.96,33.00,13.00,4.35,1831
2024-12-30,22:45:00,İTA A,1,Bologna,2-3,Hellas Verona,1-2,1.35,3.69,5.74,1.66,1.71,1.84,1.55,2.61,1.24,3.15,1.15,,,1.69,0,1.34,1.44,1.87,2.07,5.87,1.65,2.50,5.38,1.71,1.65,1.95,17.15,34.50,3.65,5.25,12.00,25.00,18.20,10.10,1830
2024-12-30,20:30:00,İTA A,1,Como,2-0,Lecce,0-0,1.48,3.33,4.73,1.58,1.79,1.79,1.59,2.50,1.27,2.97,1.17,,,1.55,0,1.38,1.36,2.05,1.99,5.13,1.81,2.38,4.61,1.72,1.65,2.20,15.45,34.50,3.87,4.75,10.00,25.50,16.45,8.29,1830
2024-12-29,22:45:00,İTA A,1,AC Milan,1-1,AS Roma,1-1,2.09,2.79,2.84,1.53,1.86,1.63,1.74,2.40,1.30,2.87,1.19,1.10,1.10,1.23,1.09,1.44,1.18,2.72,1.88,3.46,2.42,2.23,3.06,1.77,1.60,3.33,12.75,34.50,5.07,4.09,6.46,29.50,13.05,4.72,1830
2024-12-29,20:00:00,İTA A,1,Juventus,2-2,Fiorentina,-,1.70,2.98,3.81,1.51,1.89,1.74,1.63,2.38,1.30,2.79,1.21,,1.08,1.39,0,1.43,1.27,2.31,1.90,4.38,2.05,2.26,3.88,1.75,1.62,2.60,13.90,34.50,4.26,4.24,8.22,28.00,14.65,6.59,1830
2024-12-29,17:00:00,İTA A,1,Napoli,1-0,Venezia,0-0,1.12,5.11,9.76,1.95,1.48,1.99,1.46,3.01,1.16,3.90,1.08,,,2.11,0,1.23,1.69,1.55,2.37,8.35,1.37,2.97,8.23,1.68,1.68,1.53,23.85,34.50,3.37,7.24,20.40,25.00,24.70,17.10,1830
2024-12-29,14:30:00,İTA A,1,Udinese,2-2,Torino,1-0,2.03,2.63,3.19,1.39,2.13,1.79,1.59,2.21,1.37,2.49,1.27,1.07,1.12,1.25,1.07,1.49,1.18,2.69,1.79,3.86,2.40,2.10,3.39,1.80,1.58,3.22,12.95,34.50,4.82,3.65,6.94,32.00,13.45,5.44,1830
2024-12-28,22:45:00,İTA A,1,Lazio,1-1,Atalanta,1-0,2.78,2.85,2.09,1.63,1.74,1.55,1.84,2.53,1.26,3.12,1.16,1.23,1.09,1.10,1.19,1.41,1.10,3.35,1.93,2.68,2.99,2.29,2.40,1.77,1.60,4.58,12.75,28.00,6.51,4.29,5.17,34.00,12.50,3.29,1830
2024-12-28,20:00:00,İTA A,1,Cagliari,0-3,Inter,0-0,6.65,4.36,1.23,1.96,1.47,1.73,1.64,3.01,1.16,3.96,1.07,1.87,,,1.56,1.27,0,6.37,2.28,1.69,6.10,2.80,1.50,1.69,1.67,11.75,19.75,22.55,14.80,6.55,3.59,34.50,18.95,1.72,1830
2024-12-28,17:00:00,İTA A,1,Empoli,1-2,Genoa,0-0,2.28,2.49,2.87,1.32,2.33,1.87,1.53,2.08,1.41,2.28,1.33,1.09,1.15,1.19,1.08,1.53,1.14,2.99,1.73,3.61,2.65,2.02,3.17,1.81,1.57,3.70,13.10,34.50,5.18,3.39,6.25,34.50,13.35,4.87,1830
2024-12-28,17:00:00,İTA A,1,Parma,2-1,Monza,0-0,2.29,2.87,2.48,1.68,1.69,1.51,1.90,2.60,1.24,3.27,1.13,1.15,1.09,1.18,1.14,1.40,1.16,2.87,1.96,3.04,2.56,2.32,2.72,1.77,1.60,3.66,12.30,30.50,5.64,4.39,5.98,29.00,12.40,3.98,1830
2024-12-23,22:45:00,İTA A,1,Inter,2-0,Como,0-0,1.18,4.45,8.47,2.05,1.43,1.69,1.67,3.12,1.16,4.19,1.05,,,1.97,0,1.25,1.58,1.66,2.34,6.38,1.48,2.87,6.16,1.69,1.68,1.69,19.20,34.50,3.61,6.86,15.20,22.10,19.80,11.85,1829
2024-12-23,20:30:00,İTA A,1,Fiorentina,1-2,Udinese,1-0,1.42,3.63,4.87,1.81,1.58,1.64,1.73,2.80,1.20,3.57,1.10,,,1.61,0,1.32,1.41,1.93,2.12,5.05,1.72,2.56,4.64,1.72,1.65,2.06,15.50,34.50,3.90,5.45,10.70,23.00,16.30,8.35,1829
2024-12-22,22:45:00,İTA A,1,Monza,1-2,Juventus,1-2,5.75,3.34,1.40,1.49,1.94,2.00,1.45,2.37,1.30,2.70,1.23,1.63,,,1.38,1.39,0,6.06,1.95,1.96,5.43,2.33,1.74,1.73,1.64,10.30,18.15,28.00,11.60,4.54,3.65,34.50,16.85,2.06,1829
2024-12-22,20:00:00,İTA A,1,Atalanta,3-2,Empoli,2-1,1.13,5.23,8.97,2.15,1.38,1.80,1.58,3.26,1.14,4.45,,,,2.10,0,1.22,1.70,1.54,2.46,7.65,1.37,3.07,7.64,1.68,1.68,1.53,23.00,34.50,3.48,7.79,19.55,23.00,23.00,15.40,1829
2024-12-22,17:00:00,İTA A,1,Venezia,2-1,Cagliari,1-0,2.24,2.85,2.55,1.67,1.70,1.51,1.89,2.59,1.24,3.25,1.14,1.14,1.09,1.20,1.13,1.40,1.16,2.81,1.96,3.11,2.52,2.31,2.78,1.78,1.60,3.56,12.30,31.00,5.53,4.36,6.12,28.50,12.40,4.13,1829
2024-12-22,14:30:00,İTA A,1,AS Roma,5-0,Parma,2-0,1.20,4.78,6.84,2.35,1.31,1.56,1.83,3.46,1.11,4.99,,,,1.93,0,1.23,1.62,1.62,2.46,6.13,1.44,3.02,6.04,1.69,1.68,1.65,19.05,34.50,3.72,7.59,15.75,20.70,19.30,11.40,1829
2024-12-21,22:45:00,İTA A,1,Lecce,1-2,Lazio,0-1,4.96,3.62,1.41,1.78,1.59,1.66,1.71,2.77,1.21,3.48,1.11,1.62,,,1.41,1.33,0,5.15,2.11,1.93,4.73,2.55,1.72,1.72,1.65,8.55,16.55,23.40,10.85,5.40,3.87,34.50,15.65,2.05,1829
2024-12-21,20:00:00,İTA A,1,Genoa,1-2,Napoli,0-2,4.99,3.19,1.49,1.44,2.03,2.00,1.46,2.28,1.33,2.56,1.25,1.54,1.05,,1.33,1.43,0,5.53,1.88,2.10,4.91,2.26,1.85,1.72,1.64,8.94,17.45,28.50,10.10,4.30,3.74,34.50,16.30,2.24,1829
2024-12-21,17:00:00,İTA A,1,Torino,0-2,Bologna,0-0,3.14,2.51,2.12,1.32,2.32,1.88,1.52,2.08,1.41,2.28,1.33,1.23,1.14,1.07,1.16,1.52,1.06,3.88,1.73,2.83,3.40,2.02,2.51,1.82,1.57,5.39,13.60,34.50,6.74,3.40,4.91,34.50,13.10,3.40,1829
2024-12-20,22:45:00,İTA A,1,Hellas Verona,0-1,AC Milan,0-0,4.69,3.62,1.43,1.86,1.53,1.58,1.79,2.87,1.19,3.72,1.09,1.59,,,1.40,1.32,0,4.87,2.14,1.93,4.49,2.57,1.73,1.72,1.65,8.00,15.90,22.55,10.50,5.53,3.98,34.50,15.15,2.08,1829
2024-12-16,22:45:00,İTA A,1,Lazio,0-6,Inter,0-2,3.00,2.90,1.93,1.60,1.75,1.57,1.78,2.48,1.26,3.04,1.15,1.28,1.08,1.07,1.21,1.40,1.08,3.58,1.92,2.52,3.18,2.27,2.25,1.74,1.60,5.07,13.30,27.50,6.92,4.35,4.82,34.50,12.90,3.03,1828
2024-12-15,22:45:00,İTA A,1,AC Milan,0-0,Genoa,0-0,1.32,3.83,5.55,1.74,1.60,1.74,1.60,2.70,1.21,3.37,1.11,,,1.70,0,1.31,1.43,1.83,2.10,5.66,1.62,2.56,5.24,1.68,1.66,1.93,17.30,34.50,3.66,5.62,12.00,23.85,18.20,9.80,1828
2024-12-15,20:00:00,İTA A,1,Como,2-0,AS Roma,0-0,3.30,2.97,1.80,1.66,1.67,1.54,1.81,2.59,1.23,3.23,1.13,1.33,1.07,,1.24,1.37,1.06,3.78,1.96,2.35,3.39,2.32,2.12,1.74,1.60,5.57,13.35,26.00,7.61,4.51,4.66,34.50,12.85,2.77,1828
2024-12-15,17:00:00,İTA A,1,Bologna,1-0,Fiorentina,0-0,2.39,2.68,2.46,1.46,1.94,1.66,1.67,2.29,1.31,2.68,1.21,1.14,1.10,1.15,1.11,1.45,1.12,3.04,1.82,3.11,2.70,2.15,2.76,1.76,1.58,3.93,12.85,34.00,5.60,3.90,5.73,33.50,12.90,4.07,1828
2024-12-15,17:00:00,İTA A,1,Parma,2-3,Hellas Verona,1-1,1.81,2.98,3.22,1.77,1.58,1.47,1.93,2.74,1.20,3.56,1.09,1.05,1.07,1.32,1.07,1.35,1.25,2.32,2.02,3.64,2.11,2.38,3.29,1.75,1.59,2.77,12.30,34.50,4.84,4.68,7.68,25.00,12.80,5.37,1828
2024-12-15,14:30:00,İTA A,1,Lecce,2-1,Monza,2-1,2.33,2.68,2.52,1.45,1.96,1.67,1.67,2.28,1.32,2.65,1.21,1.13,1.10,1.16,1.11,1.45,1.13,2.99,1.81,3.18,2.65,2.15,2.81,1.76,1.59,3.83,12.90,34.50,5.47,3.89,5.82,33.00,12.95,4.19,1828
2024-12-14,22:45:00,İTA A,1,Juventus,2-2,Venezia,1-0,1.20,4.22,7.85,1.67,1.67,2.04,1.41,2.63,1.22,3.17,1.14,,,1.89,0,1.29,1.54,1.68,2.13,7.43,1.48,2.62,6.98,1.68,1.66,1.71,20.90,34.50,3.38,5.83,16.05,26.50,22.10,14.20,1828
2024-12-14,20:00:00,İTA A,1,Udinese,1-3,Napoli,1-0,4.56,3.12,1.52,1.47,1.93,1.86,1.52,2.33,1.30,2.67,1.21,1.49,1.05,,1.31,1.41,0,5.07,1.89,2.12,4.51,2.26,1.87,1.72,1.62,8.14,16.40,28.00,9.59,4.36,3.89,34.50,15.35,2.31,1828
2024-12-14,17:00:00,İTA A,1,Cagliari,0-1,Atalanta,0-0,4.71,3.75,1.39,1.87,1.51,1.59,1.76,2.85,1.18,3.71,1.08,1.61,,,1.40,1.30,0,4.91,2.13,1.90,4.55,2.59,1.68,1.68,1.65,8.12,16.55,22.10,10.65,5.75,3.89,34.50,15.90,2.04,1828
2024-12-13,22:45:00,İTA A,1,Empoli,0-1,Torino,0-0,2.30,2.50,2.75,1.23,2.59,2.05,1.41,1.92,1.47,2.03,1.41,1.09,1.14,1.17,1.07,1.58,1.10,3.17,1.64,3.66,2.72,1.95,3.14,1.76,1.59,3.90,14.55,34.50,5.01,3.28,5.79,34.50,14.75,4.80,1828
2024-12-09,22:45:00,İTA A,1,Monza,1-2,Udinese,0-1,2.41,2.57,2.54,1.33,2.26,1.84,1.53,2.07,1.40,2.29,1.31,1.13,1.12,1.15,1.09,1.52,1.11,3.18,1.72,3.31,2.77,2.04,2.89,1.77,1.58,4.04,13.60,34.50,5.40,3.53,5.64,34.50,13.65,4.30,1827
2024-12-08,22:45:00,İTA A,1,Napoli,0-1,Lazio,0-0,1.61,3.14,3.85,1.60,1.74,1.66,1.68,2.50,1.25,3.03,1.15,,1.05,1.42,0,1.38,1.28,2.19,1.95,4.35,1.94,2.33,3.90,1.72,1.62,2.68,15.95,34.50,4.62,5.13,9.54,29.00,16.80,7.47,1827
2024-12-08,20:00:00,İTA A,1,Venezia,2-2,Como,1-0,2.48,2.72,2.33,1.67,1.66,1.47,1.93,2.62,1.22,3.32,1.11,1.16,1.10,1.14,1.15,1.38,1.13,2.98,1.96,2.84,2.70,2.27,2.58,1.79,1.56,4.40,13.10,33.00,6.85,4.68,6.51,34.50,13.00,4.08,1827
2024-12-08,17:00:00,İTA A,1,Hellas Verona,1-4,Empoli,1-4,2.40,2.44,2.67,1.35,2.18,1.76,1.59,2.14,1.36,2.40,1.28,1.10,1.15,1.15,1.09,1.49,1.12,3.05,1.75,3.32,2.73,2.02,2.96,1.82,1.54,4.34,13.85,34.50,6.22,3.76,6.78,34.50,14.00,4.92,1827
2024-12-08,14:30:00,İTA A,1,Fiorentina,1-0,Cagliari,1-0,1.36,3.75,5.03,1.87,1.50,1.59,1.75,2.88,1.17,3.76,1.08,,,1.63,0,1.29,1.42,1.87,2.15,5.07,1.67,2.59,4.69,1.70,1.64,2.15,17.80,34.50,4.32,6.40,12.65,25.50,18.70,9.67,1827
2024-12-07,22:45:00,İTA A,1,AS Roma,4-1,Lecce,1-1,1.34,3.63,5.61,1.59,1.76,1.88,1.50,2.50,1.25,2.96,1.16,,,1.67,0,1.34,1.41,1.89,2.00,5.86,1.66,2.45,5.35,1.68,1.65,2.14,19.95,34.50,3.98,5.73,13.25,29.00,21.15,11.35,1827
2024-12-07,20:00:00,İTA A,1,Juventus,2-2,Bologna,0-1,1.60,2.89,4.44,1.33,2.24,2.05,1.41,2.11,1.38,2.28,1.31,,1.07,1.43,0,1.47,1.26,2.26,1.77,5.18,1.99,2.11,4.53,1.73,1.61,2.70,17.80,34.50,4.29,4.25,10.10,34.50,19.00,9.02,1827
2024-12-07,17:00:00,İTA A,1,Genoa,0-0,Torino,0-0,2.20,2.64,2.73,1.30,2.32,1.91,1.48,2.04,1.41,2.21,1.34,1.10,1.11,1.19,1.07,1.53,1.13,3.02,1.70,3.59,2.60,2.04,3.09,1.74,1.60,4.06,16.05,34.50,5.44,3.91,6.51,34.50,16.30,5.25,1827
2024-12-06,22:45:00,İTA A,1,Atalanta,2-1,AC Milan,1-1,1.87,3.04,2.97,1.78,1.57,1.46,1.94,2.72,1.21,3.55,1.09,1.07,1.07,1.29,1.08,1.35,1.22,2.42,2.01,3.46,2.18,2.39,3.11,1.74,1.60,3.18,14.20,34.50,5.42,5.29,7.91,28.00,14.55,5.46,1827
2024-12-06,20:30:00,İTA A,1,Inter,3-1,Parma,1-0,,6.73,11.30,3.01,1.15,1.60,1.74,4.17,,6.75,,,,2.32,0,1.13,1.92,1.36,2.89,8.32,1.22,3.69,8.98,1.67,1.67,1.44,31.50,34.50,4.20,13.00,32.00,24.30,30.50,22.10,1827
2025-02-06,22:45:00,İTA A,1,Fiorentina,3-0,Inter,0-0,3.34,3.09,1.74,1.66,1.67,1.57,1.79,2.57,1.23,3.19,1.13,1.35,1.06,,1.25,1.38,1.05,3.88,1.96,2.32,3.46,2.35,2.06,1.72,1.62,6.32,15.75,28.50,8.51,5.17,4.95,34.50,15.20,2.93,1826
2024-12-02,22:45:00,İTA A,1,AS Roma,0-2,Atalanta,0-0,3.06,2.98,1.87,1.68,1.66,1.52,1.85,2.60,1.23,3.27,1.12,1.29,1.07,1.06,1.22,1.37,1.08,3.59,1.96,2.43,3.21,2.33,2.18,1.74,1.60,5.70,14.90,29.00,7.97,5.06,5.29,34.50,14.40,3.17,1826
2024-12-01,22:45:00,İTA A,1,Lecce,1-1,Juventus,0-0,5.43,3.06,1.46,1.31,2.30,2.26,1.33,2.08,1.40,2.21,1.34,1.54,1.05,,1.31,1.47,0,6.14,1.78,2.11,5.40,2.13,1.84,1.72,1.62,11.30,21.70,34.50,12.00,4.38,3.95,34.50,20.15,2.42,1826
2024-12-01,17:00:00,İTA A,1,Parma,3-1,Lazio,1-0,3.92,3.42,1.54,1.87,1.51,1.50,1.87,2.85,1.18,3.75,1.08,1.47,,,1.34,1.32,0,4.26,2.10,2.06,3.89,2.52,1.84,1.71,1.63,7.44,16.55,25.50,10.20,5.97,4.68,34.50,15.90,2.48,1826
2024-12-01,17:00:00,İTA A,1,Torino,0-1,Napoli,0-1,4.71,3.10,1.51,1.38,2.10,2.02,1.42,2.19,1.34,2.42,1.28,1.50,1.05,,1.29,1.44,0,5.38,1.82,2.15,4.75,2.19,1.87,1.71,1.63,9.59,19.80,33.50,10.75,4.62,4.13,34.50,18.55,2.52,1826
2024-12-01,14:30:00,İTA A,1,Udinese,0-2,Genoa,0-1,1.72,2.97,3.57,1.49,1.89,1.73,1.61,2.33,1.30,2.73,1.20,,1.07,1.36,0,1.42,1.24,2.35,1.87,4.21,2.07,2.24,3.71,1.73,1.61,2.93,15.90,34.50,4.73,4.71,8.68,31.00,16.60,6.95,1826
2024-11-30,22:45:00,İTA A,1,Bologna,3-0,Venezia,1-0,1.64,3.02,3.85,1.47,1.93,1.79,1.56,2.31,1.31,2.66,1.21,,1.06,1.40,0,1.42,1.26,2.28,1.86,4.49,2.00,2.24,3.96,1.72,1.62,2.78,16.55,34.50,4.53,4.73,9.20,31.00,17.40,7.59,1826
2024-11-30,20:00:00,İTA A,1,AC Milan,3-0,Empoli,2-0,1.16,4.55,8.41,1.77,1.58,2.00,1.43,2.78,1.20,3.44,1.10,,,1.97,0,1.27,1.58,1.62,2.22,7.68,1.43,2.75,7.37,1.67,1.67,1.75,25.00,34.50,3.76,7.28,20.10,29.50,26.50,17.30,1826
2024-11-30,17:00:00,İTA A,1,Como,1-1,Monza,1-0,1.67,3.04,3.67,1.56,1.79,1.67,1.67,2.45,1.27,2.93,1.16,,1.06,1.38,0,1.40,1.26,2.27,1.92,4.22,2.01,2.29,3.75,1.73,1.61,2.81,15.60,34.50,4.74,4.94,9.07,30.00,16.40,7.09,1826
2024-11-29,22:45:00,İTA A,1,Cagliari,1-0,Hellas Verona,0-0,1.72,3.06,3.46,1.68,1.66,1.55,1.80,2.61,1.22,3.26,1.12,,1.06,1.36,1.05,1.37,1.26,2.27,1.98,3.94,2.04,2.36,3.53,1.74,1.60,2.86,14.90,34.50,4.96,5.17,8.85,28.00,15.55,6.55,1826
2024-11-25,22:45:00,İTA A,1,Venezia,0-1,Lecce,0-0,2.00,2.82,2.97,1.49,1.93,1.69,1.66,2.30,1.33,2.68,1.22,1.10,1.11,1.28,1.09,1.48,1.21,2.66,1.85,3.64,2.35,2.21,3.20,1.75,1.61,3.18,13.35,34.50,4.78,4.06,6.62,29.50,13.70,5.06,1825
2024-11-25,20:30:00,İTA A,1,Empoli,1-1,Udinese,1-0,2.64,2.56,2.37,1.28,2.45,1.98,1.46,1.98,1.46,2.12,1.39,1.18,1.16,1.14,1.13,1.59,1.10,3.51,1.68,3.20,3.03,2.00,2.77,1.76,1.60,4.54,14.50,34.50,5.62,3.39,5.14,34.50,14.40,3.99,1825
2024-11-24,22:45:00,İTA A,1,Lazio,3-0,Bologna,0-0,1.60,3.18,3.94,1.61,1.76,1.68,1.67,2.48,1.27,2.97,1.17,,1.08,1.48,1.05,1.42,1.33,2.19,1.97,4.45,1.94,2.36,3.98,1.73,1.64,2.43,14.40,34.50,4.12,4.66,8.66,25.50,15.20,6.86,1825
2024-11-24,20:00:00,İTA A,1,Napoli,1-0,AS Roma,0-0,1.50,3.24,4.68,1.53,1.86,1.83,1.55,2.39,1.30,2.76,1.21,,1.07,1.56,0,1.42,1.36,2.08,1.94,5.10,1.84,2.32,4.57,1.72,1.64,2.25,15.55,34.50,3.85,4.56,9.76,27.00,16.55,8.24,1825
2024-11-24,17:00:00,İTA A,1,Como,0-2,Fiorentina,0-1,3.52,3.10,1.72,1.67,1.69,1.58,1.78,2.56,1.25,3.16,1.15,1.41,1.09,1.05,1.30,1.41,1.07,4.01,1.98,2.28,3.60,2.37,2.04,1.74,1.63,5.99,14.05,25.00,7.97,4.66,4.42,34.50,13.50,2.61,1825
2024-11-24,17:00:00,İTA A,1,Torino,1-1,Monza,0-0,1.86,2.69,3.56,1.33,2.29,1.95,1.47,2.06,1.42,2.25,1.34,1.05,1.13,1.34,1.05,1.54,1.22,2.57,1.74,4.35,2.26,2.06,3.78,1.76,1.60,2.95,14.35,34.50,4.33,3.61,7.41,33.00,15.10,6.32,1825
2024-11-24,14:30:00,İTA A,1,Genoa,2-2,Cagliari,1-1,2.20,2.86,2.59,1.60,1.77,1.58,1.81,2.46,1.27,2.98,1.17,1.15,1.11,1.23,1.14,1.44,1.18,2.81,1.91,3.20,2.50,2.28,2.84,1.75,1.61,3.52,12.75,32.50,5.33,4.28,6.08,29.50,12.90,4.26,1825
2024-11-23,22:45:00,İTA A,1,Parma,1-3,Atalanta,0-2,4.78,3.96,1.37,2.20,1.36,1.45,1.98,3.22,1.14,4.49,,1.69,,,1.49,1.28,0,4.77,2.31,1.82,4.51,2.78,1.65,1.70,1.66,8.02,16.00,20.50,11.40,6.49,4.03,34.50,15.55,1.94,1825
2024-11-23,20:00:00,İTA A,1,AC Milan,0-0,Juventus,0-0,2.06,2.86,2.82,1.53,1.87,1.65,1.71,2.35,1.31,2.78,1.20,1.12,1.11,1.26,1.11,1.47,1.20,2.71,1.87,3.48,2.39,2.24,3.06,1.74,1.62,3.29,13.25,34.50,4.92,4.17,6.38,29.50,13.55,4.75,1825
2024-11-23,17:00:00,İTA A,1,Hellas Verona,0-5,Inter,0-5,6.02,3.95,1.30,1.74,1.62,1.81,1.57,2.69,1.22,3.30,1.13,1.80,,,1.50,1.34,0,6.03,2.13,1.80,5.62,2.61,1.59,1.69,1.67,10.75,19.20,23.85,12.95,5.76,3.57,34.50,18.25,1.86,1825
2024-11-10,22:45:00,İTA A,1,Inter,1-1,Napoli,1-1,1.58,3.31,3.92,1.68,1.67,1.63,1.73,2.58,1.25,3.18,1.14,,1.06,1.50,1.05,1.40,1.34,2.14,2.01,4.40,1.90,2.42,3.96,1.71,1.65,2.34,14.45,34.50,4.06,4.90,8.62,24.00,15.10,6.71,1823
2024-11-10,20:00:00,İTA A,1,Monza,0-1,Lazio,0-1,4.40,3.07,1.57,1.45,1.99,1.90,1.51,2.27,1.34,2.56,1.25,1.50,1.08,,1.33,1.46,0,4.99,1.88,2.19,4.42,2.24,1.93,1.73,1.63,7.79,16.15,28.00,9.09,4.19,3.86,34.50,15.20,2.36,1823
2024-11-10,17:00:00,İTA A,1,AS Roma,2-3,Bologna,0-1,1.91,2.87,3.13,1.44,2.02,1.78,1.59,2.23,1.35,2.53,1.25,1.09,1.11,1.32,1.08,1.50,1.22,2.61,1.82,3.88,2.28,2.19,3.39,1.73,1.63,3.02,14.00,34.50,4.44,3.99,6.70,29.50,14.45,5.38,1823
2024-11-10,17:00:00,İTA A,1,Fiorentina,3-1,Hellas Verona,1-1,1.32,3.96,5.54,1.85,1.53,1.68,1.67,2.82,1.19,3.59,1.09,,,1.76,0,1.33,1.50,1.82,2.17,5.57,1.60,2.65,5.22,1.69,1.67,1.86,17.15,34.50,3.64,5.91,12.15,22.30,17.90,9.60,1823
2024-11-10,14:30:00,İTA A,1,Atalanta,2-1,Udinese,0-1,1.31,3.92,5.92,1.75,1.61,1.79,1.58,2.70,1.22,3.32,1.12,,,1.79,0,1.34,1.50,1.81,2.13,5.95,1.60,2.60,5.54,1.69,1.66,1.84,17.75,34.50,3.55,5.67,12.60,23.60,18.70,10.40,1823
2024-11-09,22:45:00,İTA A,1,Juventus,2-0,Torino,1-0,1.40,3.18,6.16,1.33,2.30,2.37,1.30,2.09,1.41,2.22,1.35,,1.06,1.66,0,1.49,1.38,2.03,1.82,6.78,1.77,2.17,6.01,1.72,1.64,2.08,18.80,34.50,3.40,4.00,11.80,32.50,20.35,11.45,1823
2024-11-09,20:00:00,İTA A,1,Cagliari,3-3,AC Milan,1-2,4.27,3.61,1.47,2.02,1.44,1.48,1.94,3.01,1.17,4.04,1.06,1.58,,,1.42,1.32,1.05,4.46,2.20,1.95,4.13,2.63,1.76,1.72,1.65,7.13,14.90,21.35,9.95,5.73,4.12,34.50,14.30,2.10,1823
2024-11-09,17:00:00,İTA A,1,Venezia,1-2,Parma,1-1,1.98,3.03,2.79,1.88,1.52,1.42,2.06,2.82,1.19,3.74,1.09,1.12,1.09,1.29,1.13,1.37,1.25,2.50,2.06,3.26,2.26,2.44,2.95,1.75,1.61,3.01,12.05,31.00,5.15,4.82,6.80,24.45,12.30,4.48,1823
2024-11-08,22:45:00,İTA A,1,Lecce,1-1,Empoli,0-1,2.01,2.62,3.21,1.25,2.52,2.07,1.42,1.97,1.47,2.06,1.42,1.08,1.14,1.28,1.06,1.60,1.17,2.84,1.67,4.16,2.44,2.00,3.56,1.75,1.61,3.28,14.90,34.50,4.39,3.36,6.48,34.50,15.40,5.65,1823
2024-11-07,22:45:00,İTA A,1,Genoa,1-1,Como,0-1,2.85,2.68,2.14,1.42,2.04,1.74,1.63,2.22,1.35,2.54,1.25,1.24,1.14,1.11,1.18,1.50,1.10,3.52,1.81,2.81,3.11,2.14,2.49,1.77,1.59,4.76,13.20,31.50,6.27,3.75,4.98,34.50,12.90,3.42,1823
2024-11-04,22:45:00,İTA A,1,Lazio,2-1,Cagliari,1-1,1.37,3.67,5.37,1.84,1.54,1.64,1.72,2.84,1.19,3.60,1.09,,,1.70,0,1.33,1.49,1.82,2.18,5.42,1.66,2.58,4.99,1.72,1.64,1.91,15.25,34.50,3.86,5.45,12.15,23.15,16.30,9.48,1822
2024-11-04,20:30:00,İTA A,1,Empoli,1-0,Como,0-0,2.51,2.65,2.41,1.34,2.23,1.85,1.53,2.08,1.41,2.30,1.33,1.18,1.14,1.17,1.13,1.55,1.12,3.30,1.74,3.20,2.87,2.07,2.78,1.75,1.61,4.18,13.85,34.50,5.45,3.58,5.27,34.50,13.80,3.99,1822
2024-11-04,20:30:00,İTA A,1,Parma,0-1,Genoa,0-0,1.59,3.35,3.77,1.82,1.56,1.53,1.86,2.75,1.21,3.53,1.10,,1.06,1.49,1.06,1.37,1.34,2.13,2.07,4.17,1.90,2.49,3.79,1.72,1.65,2.35,13.85,34.50,4.22,5.14,8.58,22.70,14.40,6.33,1822
2024-11-03,22:45:00,İTA A,1,Inter,1-0,Venezia,0-0,1.06,6.42,11.55,2.76,1.21,1.70,1.66,3.86,1.08,5.83,,,,2.39,0,1.17,1.96,1.39,2.83,8.66,1.25,3.58,9.26,1.68,1.68,1.34,27.00,34.50,3.57,10.40,27.50,21.85,25.50,19.55,1822
2024-11-03,20:00:00,İTA A,1,Hellas Verona,3-2,AS Roma,2-1,4.14,3.16,1.58,1.59,1.78,1.71,1.65,2.47,1.27,2.94,1.17,1.50,1.08,,1.34,1.42,0,4.61,1.97,2.15,4.13,2.34,1.91,1.73,1.63,7.16,15.15,25.50,8.92,4.54,4.03,34.50,14.30,2.35,1822
2024-11-03,17:00:00,İTA A,1,Torino,0-1,Fiorentina,0-1,3.23,2.79,1.91,1.49,1.93,1.70,1.66,2.31,1.32,2.68,1.22,1.32,1.12,1.08,1.24,1.47,1.08,3.85,1.86,2.54,3.41,2.20,2.26,1.76,1.60,5.47,13.55,28.50,7.07,3.96,4.60,34.50,13.00,2.96,1822
2024-11-03,14:30:00,İTA A,1,Napoli,0-3,Atalanta,0-2,2.01,2.86,2.91,1.60,1.76,1.58,1.80,2.47,1.27,3.01,1.17,1.10,1.11,1.28,1.11,1.43,1.22,2.60,1.93,3.48,2.32,2.28,3.10,1.76,1.60,3.12,12.50,34.50,4.92,4.24,6.65,27.50,12.85,4.79,1822
2024-11-02,22:45:00,İTA A,1,Monza,0-1,AC Milan,0-1,5.30,3.38,1.42,1.67,1.68,1.74,1.63,2.63,1.24,3.18,1.14,1.64,1.05,,1.43,1.36,0,5.40,2.07,1.91,4.90,2.45,1.74,1.74,1.62,9.26,16.10,24.85,11.35,4.90,3.85,34.50,14.95,2.02,1822
2024-11-02,20:00:00,İTA A,1,Udinese,0-2,Juventus,0-2,4.02,2.94,1.66,1.43,2.02,1.85,1.54,2.24,1.34,2.54,1.25,1.43,1.09,,1.29,1.48,0,4.65,1.85,2.30,4.09,2.20,2.03,1.74,1.62,7.05,15.25,28.50,8.39,4.02,4.05,34.50,14.40,2.53,1822
2024-11-02,17:00:00,İTA A,1,Bologna,1-0,Lecce,0-0,1.56,3.16,4.33,1.54,1.85,1.74,1.62,2.45,1.28,2.79,1.20,,1.07,1.51,0,1.42,1.34,2.12,1.96,4.78,1.90,2.33,4.28,1.74,1.63,2.30,14.50,34.50,3.98,4.50,9.26,25.50,15.40,7.53,1822
2024-10-31,22:45:00,İTA A,1,AS Roma,1-0,Torino,1-0,1.61,3.18,3.91,1.54,1.85,1.76,1.60,2.38,1.30,2.78,1.20,,1.08,1.47,0,1.44,1.31,2.23,1.91,4.51,1.96,2.31,4.01,1.71,1.65,2.44,14.90,34.50,3.98,4.48,8.29,26.00,15.55,6.78,1822
2024-10-31,22:45:00,İTA A,1,Como,1-5,Lazio,0-2,2.74,2.84,2.11,1.60,1.76,1.57,1.81,2.47,1.27,3.00,1.17,1.25,1.11,1.13,1.20,1.44,1.12,3.32,1.92,2.71,2.96,2.28,2.42,1.76,1.60,4.48,12.70,28.50,6.33,4.21,5.11,33.50,12.50,3.30,1822
2024-10-31,20:30:00,İTA A,1,Genoa,0-1,Fiorentina,0-0,4.65,3.38,1.47,1.60,1.76,1.77,1.59,2.48,1.26,2.95,1.17,1.58,1.05,,1.38,1.40,0,5.07,1.99,2.04,4.57,2.40,1.80,1.71,1.65,8.15,16.50,24.85,9.86,4.82,3.78,34.50,15.60,2.16,1822
2024-10-30,22:45:00,İTA A,1,Atalanta,2-0,Monza,0-0,1.19,4.46,7.73,1.85,1.54,1.89,1.51,2.84,1.19,3.56,1.09,,,1.99,0,1.29,1.62,1.65,2.25,7.16,1.46,2.77,6.85,1.68,1.67,1.64,20.60,34.50,3.41,6.41,16.40,24.00,21.45,13.70,1822
2024-10-30,22:45:00,İTA A,1,Juventus,2-2,Parma,1-2,1.31,4.09,5.46,2.05,1.42,1.58,1.80,3.05,1.16,4.09,1.06,,,1.78,0,1.29,1.52,1.77,2.27,5.36,1.58,2.76,5.08,1.69,1.66,1.83,16.70,34.50,3.76,6.35,12.40,21.15,17.30,9.26,1822
2024-10-30,20:30:00,İTA A,1,Empoli,0-3,Inter,0-0,7.08,4.20,1.23,1.77,1.60,1.90,1.51,2.73,1.21,3.36,1.12,1.91,,,1.57,1.32,0,6.78,2.18,1.71,6.41,2.68,1.51,1.69,1.67,12.60,20.65,24.45,14.90,5.99,3.43,34.50,19.60,1.72,1822
2024-10-30,20:30:00,İTA A,1,Venezia,3-2,Udinese,1-2,2.34,2.83,2.43,1.48,1.94,1.69,1.66,2.28,1.33,2.64,1.23,1.17,1.11,1.19,1.14,1.49,1.15,3.05,1.83,3.14,2.67,2.21,2.75,1.74,1.63,3.82,13.45,33.00,5.31,4.02,5.48,32.00,13.50,4.00,1822
2024-10-29,22:45:00,İTA A,1,AC Milan,0-2,Napoli,0-2,2.43,2.87,2.31,1.67,1.68,1.51,1.89,2.56,1.25,3.20,1.14,1.20,1.11,1.17,1.17,1.42,1.16,3.00,1.96,2.88,2.69,2.31,2.58,1.76,1.60,3.88,12.35,28.50,5.83,4.36,5.60,30.00,12.30,3.66,1822
2024-10-29,20:30:00,İTA A,1,Cagliari,0-2,Bologna,0-1,2.79,2.95,2.03,1.65,1.72,1.55,1.82,2.52,1.26,3.10,1.15,1.27,1.10,1.12,1.22,1.43,1.12,3.37,1.94,2.63,3.01,2.32,2.34,1.74,1.62,4.57,13.10,27.00,6.41,4.42,4.94,33.50,12.80,3.16,1822
2024-10-29,20:30:00,İTA A,1,Lecce,1-0,Hellas Verona,0-0,1.99,2.76,3.05,1.48,1.95,1.70,1.66,2.29,1.33,2.65,1.23,1.09,1.12,1.28,1.09,1.48,1.21,2.63,1.85,3.70,2.34,2.19,3.27,1.76,1.60,3.12,12.90,34.50,4.75,3.91,6.72,29.50,13.35,5.14,1822
2024-10-27,22:45:00,İTA A,1,Fiorentina,5-1,AS Roma,3-1,2.17,2.88,2.61,1.58,1.79,1.58,1.78,2.44,1.28,2.95,1.17,1.15,1.11,1.24,1.13,1.45,1.18,2.79,1.90,3.24,2.48,2.28,2.87,1.74,1.62,3.44,12.80,32.50,5.16,4.24,6.01,28.50,13.00,4.27,1821
2024-10-27,20:00:00,İTA A,1,Inter,4-4,Juventus,3-2,1.60,3.15,3.99,1.53,1.86,1.76,1.60,2.38,1.30,2.77,1.20,,1.08,1.48,0,1.44,1.32,2.22,1.91,4.57,1.95,2.31,4.07,1.72,1.65,2.43,14.75,34.50,3.98,4.45,8.46,26.00,15.50,6.94,1821
2024-10-27,17:00:00,İTA A,1,Lazio,3-0,Genoa,1-0,1.25,4.10,6.68,1.78,1.59,1.84,1.54,2.74,1.21,3.38,1.11,,,1.87,0,1.32,1.55,1.74,2.17,6.48,1.54,2.65,6.09,1.69,1.66,1.75,18.80,34.50,3.49,5.89,14.15,24.00,19.80,11.85,1821
2024-10-27,17:00:00,İTA A,1,Monza,2-2,Venezia,2-2,1.86,2.95,3.17,1.54,1.85,1.66,1.69,2.37,1.30,2.80,1.20,1.08,1.10,1.34,1.09,1.46,1.24,2.50,1.89,3.81,2.21,2.27,3.36,1.74,1.63,2.89,13.50,34.50,4.49,4.24,6.96,27.50,14.00,5.37,1821
2024-10-27,14:30:00,İTA A,1,Parma,1-1,Empoli,0-1,1.90,3.04,2.98,1.77,1.59,1.49,1.93,2.69,1.22,3.44,1.11,1.09,1.09,1.32,1.11,1.40,1.25,2.45,2.02,3.48,2.20,2.40,3.13,1.74,1.62,2.89,12.55,34.00,4.84,4.70,6.99,24.85,12.90,4.87,1821
2024-10-26,21:45:00,İTA A,1,Atalanta,6-1,Hellas Verona,5-1,1.15,5.07,8.29,2.21,1.35,1.73,1.64,3.27,1.13,4.48,,,,2.11,0,1.24,1.72,1.55,2.47,7.18,1.38,3.06,7.16,1.68,1.68,1.53,21.85,34.50,3.50,7.80,18.65,21.85,21.85,14.30,1821
2024-10-26,16:00:00,İTA A,1,Napoli,1-0,Lecce,0-0,1.17,4.51,8.29,1.79,1.58,1.99,1.45,2.77,1.20,3.42,1.11,,,2.03,0,1.30,1.63,1.63,2.23,7.64,1.44,2.76,7.32,1.68,1.67,1.61,21.85,34.50,3.34,6.36,17.30,24.85,22.70,14.90,1821
2024-10-25,21:45:00,İTA A,1,Torino,1-0,Como,0-0,2.36,2.68,2.55,1.47,1.96,1.66,1.69,2.29,1.33,2.66,1.23,1.16,1.14,1.19,1.14,1.49,1.16,2.99,1.84,3.19,2.66,2.16,2.83,1.78,1.58,3.78,12.55,34.50,5.45,3.82,5.81,32.50,12.65,4.15,1821
2024-10-25,19:30:00,İTA A,1,Udinese,2-0,Cagliari,1-0,1.97,2.77,3.12,1.52,1.87,1.65,1.72,2.37,1.30,2.79,1.20,1.09,1.12,1.30,1.09,1.46,1.23,2.56,1.89,3.69,2.30,2.22,3.28,1.77,1.59,3.04,12.55,34.50,4.78,4.00,6.95,28.50,13.05,5.21,1821
2024-10-21,21:45:00,İTA A,1,Hellas Verona,0-3,Monza,0-1,2.09,2.66,2.96,1.43,2.03,1.73,1.64,2.23,1.34,2.55,1.25,1.10,1.14,1.25,1.09,1.50,1.19,2.74,1.82,3.62,2.44,2.14,3.20,1.78,1.58,3.30,12.70,34.50,4.91,3.73,6.53,31.50,13.10,4.97,1820
2024-10-20,21:45:00,İTA A,1,AS Roma,0-1,Inter,0-0,3.40,3.13,1.74,1.76,1.60,1.52,1.88,2.69,1.22,3.41,1.11,1.40,1.08,1.06,1.30,1.39,1.09,3.85,2.03,2.28,3.47,2.42,2.05,1.74,1.63,5.65,13.55,24.00,7.80,4.79,4.49,34.50,13.00,2.59,1820
2024-10-20,19:00:00,İTA A,1,Cagliari,3-2,Torino,1-1,2.14,2.67,2.87,1.49,1.94,1.66,1.70,2.31,1.32,2.70,1.22,1.11,1.14,1.24,1.11,1.48,1.19,2.75,1.85,3.47,2.47,2.17,3.08,1.79,1.58,3.36,12.35,34.50,5.09,3.82,6.45,30.50,12.65,4.74,1820
2024-10-20,16:00:00,İTA A,1,Lecce,0-6,Fiorentina,0-3,2.89,2.85,2.02,1.53,1.86,1.65,1.71,2.36,1.31,2.79,1.20,1.27,1.11,1.11,1.21,1.46,1.10,3.54,1.88,2.66,3.12,2.23,2.36,1.75,1.61,4.83,13.35,28.50,6.47,4.11,4.82,34.50,13.00,3.18,1820
2024-10-20,16:00:00,İTA A,1,Venezia,0-2,Atalanta,0-1,5.18,4.06,1.33,2.12,1.39,1.52,1.88,3.13,1.15,4.26,,1.75,,,1.51,1.29,0,5.12,2.29,1.79,4.86,2.78,1.60,1.69,1.66,8.75,16.70,20.70,12.00,6.43,3.84,34.50,16.20,1.85,1820
2024-10-20,13:30:00,İTA A,1,Empoli,0-1,Napoli,0-0,4.70,3.23,1.50,1.54,1.84,1.83,1.55,2.41,1.29,2.79,1.20,1.58,1.06,,1.37,1.42,0,5.21,1.96,2.06,4.66,2.34,1.82,1.73,1.64,8.43,16.45,26.00,9.99,4.54,3.79,34.50,15.40,2.18,1820
2024-10-19,21:45:00,İTA A,1,Juventus,1-0,Lazio,0-0,1.85,2.79,3.43,1.42,2.06,1.81,1.57,2.21,1.35,2.48,1.26,1.06,1.11,1.34,1.07,1.50,1.24,2.52,1.82,4.12,2.22,2.15,3.61,1.75,1.61,2.88,13.70,34.50,4.36,3.85,7.25,30.00,14.35,5.91,1820
2024-10-19,19:00:00,İTA A,1,AC Milan,1-0,Udinese,1-0,1.21,4.57,6.85,2.12,1.39,1.66,1.71,3.16,1.15,4.26,,,,1.96,0,1.26,1.63,1.64,2.37,6.29,1.46,2.91,6.11,1.68,1.67,1.65,19.10,34.50,3.59,7.06,15.40,21.45,19.65,11.75,1820
2024-10-19,16:00:00,İTA A,1,Como,1-1,Parma,1-1,1.57,3.44,3.81,2.10,1.40,1.40,2.09,3.11,1.15,4.29,,,1.05,1.50,1.07,1.32,1.39,2.04,2.22,4.03,1.85,2.62,3.73,1.74,1.63,2.25,13.15,34.50,4.41,5.62,9.13,21.30,13.70,6.23,1820
2024-10-19,16:00:00,İTA A,1,Genoa,2-2,Bologna,0-1,3.55,2.89,1.77,1.47,1.97,1.77,1.60,2.28,1.33,2.62,1.24,1.38,1.10,1.05,1.26,1.48,1.06,4.20,1.85,2.41,3.70,2.22,2.14,1.74,1.62,6.12,14.50,28.50,7.57,4.05,4.27,34.50,13.80,2.73,1820
